-- phpMyAdmin SQL Dump
-- version 5.0.4
-- https://www.phpmyadmin.net/
--
-- Hôte : localhost
-- Généré le : jeu. 14 jan. 2021 à 15:30
-- Version du serveur :  5.7.24
-- Version de PHP : 8.0.0

SET SQL_MODE = "NO_AUTO_VALUE_ON_ZERO";
START TRANSACTION;
SET time_zone = "+00:00";


/*!40101 SET @OLD_CHARACTER_SET_CLIENT=@@CHARACTER_SET_CLIENT */;
/*!40101 SET @OLD_CHARACTER_SET_RESULTS=@@CHARACTER_SET_RESULTS */;
/*!40101 SET @OLD_COLLATION_CONNECTION=@@COLLATION_CONNECTION */;
/*!40101 SET NAMES utf8mb4 */;

--
-- Base de données : `ly711-evaluation-finale-vtc`
--

-- --------------------------------------------------------

--
-- Structure de la table `association_vehicule_conducteur`
--

CREATE TABLE `association_vehicule_conducteur` (
  `id_association` int(11) NOT NULL,
  `id_vehicule` int(11) NOT NULL,
  `id_conducteur` int(11) NOT NULL
) ENGINE=InnoDB DEFAULT CHARSET=utf8mb4 COLLATE=utf8mb4_unicode_ci;

--
-- Déchargement des données de la table `association_vehicule_conducteur`
--

INSERT INTO `association_vehicule_conducteur` (`id_association`, `id_vehicule`, `id_conducteur`) VALUES
(1, 501, 1),
(5, 501, 3),
(2, 502, 2),
(3, 503, 3),
(4, 504, 4);

-- --------------------------------------------------------

--
-- Structure de la table `conducteur`
--

CREATE TABLE `conducteur` (
  `id_conducteur` int(11) NOT NULL,
  `prenom` varchar(255) COLLATE utf8mb4_unicode_ci NOT NULL,
  `nom` varchar(255) COLLATE utf8mb4_unicode_ci NOT NULL
) ENGINE=InnoDB DEFAULT CHARSET=utf8mb4 COLLATE=utf8mb4_unicode_ci;

--
-- Déchargement des données de la table `conducteur`
--

INSERT INTO `conducteur` (`id_conducteur`, `prenom`, `nom`) VALUES
(5, 'Alex', 'Richy'),
(4, 'Amelie', 'Blondelle'),
(1, 'Julien', 'Avigny'),
(2, 'Morgane', 'Alamia'),
(3, 'Philippe', 'Pandre');

-- --------------------------------------------------------

--
-- Structure de la table `vehicule`
--

CREATE TABLE `vehicule` (
  `id_vehicule` int(11) NOT NULL,
  `marque` varchar(60) COLLATE utf8mb4_unicode_ci NOT NULL,
  `modele` varchar(60) COLLATE utf8mb4_unicode_ci NOT NULL,
  `couleur` varchar(60) COLLATE utf8mb4_unicode_ci NOT NULL,
  `immatriculation` varchar(20) COLLATE utf8mb4_unicode_ci NOT NULL
) ENGINE=InnoDB DEFAULT CHARSET=utf8mb4 COLLATE=utf8mb4_unicode_ci;

--
-- Déchargement des données de la table `vehicule`
--

INSERT INTO `vehicule` (`id_vehicule`, `marque`, `modele`, `couleur`, `immatriculation`) VALUES
(501, 'Peugeot', '807', 'noir', 'AB-355-CA'),
(502, 'Citroen', 'C8', 'bleu', 'CE-122-AE'),
(503, 'Mercedes', 'C1s', 'vert', 'FG-953-HI'),
(504, 'Volkswagen', 'Touran', 'noir', 'SO-322-NV'),
(505, 'Skoda', 'Octavia', 'gris', 'PB-631-TK'),
(506, 'Volkswagen', 'Passat', 'gris', 'XN-973-MM');

--
-- Index pour les tables déchargées
--

--
-- Index pour la table `association_vehicule_conducteur`
--
ALTER TABLE `association_vehicule_conducteur`
  ADD PRIMARY KEY (`id_association`),
  ADD UNIQUE KEY `id_vehicule_2` (`id_vehicule`,`id_conducteur`),
  ADD KEY `id_vehicule` (`id_vehicule`),
  ADD KEY `id_conducteur` (`id_conducteur`);

--
-- Index pour la table `conducteur`
--
ALTER TABLE `conducteur`
  ADD PRIMARY KEY (`id_conducteur`),
  ADD UNIQUE KEY `prenom` (`prenom`,`nom`);

--
-- Index pour la table `vehicule`
--
ALTER TABLE `vehicule`
  ADD PRIMARY KEY (`id_vehicule`),
  ADD UNIQUE KEY `immatriculation` (`immatriculation`);

--
-- AUTO_INCREMENT pour les tables déchargées
--

--
-- AUTO_INCREMENT pour la table `association_vehicule_conducteur`
--
ALTER TABLE `association_vehicule_conducteur`
  MODIFY `id_association` int(11) NOT NULL AUTO_INCREMENT, AUTO_INCREMENT=6;

--
-- AUTO_INCREMENT pour la table `conducteur`
--
ALTER TABLE `conducteur`
  MODIFY `id_conducteur` int(11) NOT NULL AUTO_INCREMENT, AUTO_INCREMENT=6;

--
-- AUTO_INCREMENT pour la table `vehicule`
--
ALTER TABLE `vehicule`
  MODIFY `id_vehicule` int(11) NOT NULL AUTO_INCREMENT, AUTO_INCREMENT=507;

--
-- Contraintes pour les tables déchargées
--

--
-- Contraintes pour la table `association_vehicule_conducteur`
--
ALTER TABLE `association_vehicule_conducteur`
  ADD CONSTRAINT `association_vehicule_conducteur_ibfk_1` FOREIGN KEY (`id_vehicule`) REFERENCES `vehicule` (`id_vehicule`) ON DELETE CASCADE ON UPDATE CASCADE,
  ADD CONSTRAINT `association_vehicule_conducteur_ibfk_2` FOREIGN KEY (`id_conducteur`) REFERENCES `conducteur` (`id_conducteur`) ON DELETE CASCADE ON UPDATE CASCADE;
COMMIT;

/*!40101 SET CHARACTER_SET_CLIENT=@OLD_CHARACTER_SET_CLIENT */;
/*!40101 SET CHARACTER_SET_RESULTS=@OLD_CHARACTER_SET_RESULTS */;
/*!40101 SET COLLATION_CONNECTION=@OLD_COLLATION_CONNECTION */;
